{"cameraMode":{"drawMode":0,"name":"Shaded","section":"Shading Mode"},"sceneLighting":true,"audioPlay":false,"sceneViewState":{"m_AlwaysRefresh":false,"showFog":true,"showSkybox":true,"showFlares":true,"showImageEffects":true,"showParticleSystems":true,"showVisualEffectGraphs":true,"m_FxEnabled":true},"in2DMode":false,"pivot":{"x":-2.588794469833374,"y":2.140906572341919,"z":-6.4428558349609379},"rotation":{"x":0.1684868335723877,"y":0.11243722587823868,"z":-0.019264785572886468,"w":0.9791295528411865},"size":0.3494093418121338,"orthographic":false}