{"cameraMode":{"drawMode":0,"name":"Shaded","section":"Shading Mode"},"sceneLighting":false,"audioPlay":false,"sceneViewState":{"m_AlwaysRefresh":false,"showFog":true,"showSkybox":false,"showFlares":true,"showImageEffects":true,"showParticleSystems":true,"showVisualEffectGraphs":true,"m_FxEnabled":true},"in2DMode":false,"pivot":{"x":1.2158769369125367,"y":1.1237573623657227,"z":-2.185851812362671},"rotation":{"x":-0.043793268501758578,"y":0.9544734954833984,"z":-0.17695097625255586,"w":-0.23631177842617036},"size":0.5934370160102844,"orthographic":false}